system,mutation,mutation1,flags,charged_flag_correction
1DVF_AB,B-TRP52ALA,B:W52A,buried_aromatic,0
1DVF_AB,B-GLU98ALA,B:E98A,sbb_sol_buried,2.8
1IAR_A,A-THR13ASP,A:T13D,introduces_buried_charge,-2.8
1IAR_A,A-ARG85ALA,A:R85A,sbb_xint,-2.8
1IAR_A,A-ARG81ALA,A:R81A,sbb_xint,-2.8
1IAR_A,A-ARG85GLU,A:R85E,sbb_xint|charge_flip,-2.8
1IAR_A,A-THR6ASP,A:T6D,introduces_buried_charge,-2.8
1IAR_A,A-ARG81GLU,A:R81E,sbb_xint|charge_flip,-2.8
1IAR_A,A-LYS84ASP,A:K84D,charge_flip,-2.8
1IAR_A,A-ARG88GLN,A:R88Q,sbb_xint,-2.8
1IAR_A,A-ARG88ALA,A:R88A,sbb_xint,-2.8
1JRH_I,I-GLU55PRO,I:E55P,proline,0
1JRH_I,I-ARG84ALA,I:R84A,sbb_xint,-2.8
1JRH_I,I-TYR49ALA,I:Y49A,buried_aromatic,0
1JRH_I,I-TRP82ALA,I:W82A,buried_aromatic,0
1JRH_LH,L-TYR91ALA,L:Y91A,buried_aromatic,0
1JRH_LH,L-TRP96ALA,L:W96A,buried_aromatic,0
1JRH_LH,H-HIE100BALA,H:H100BA,buried_aromatic,0
1JRH_LH,H-TRP52ALA,H:W52A,buried_aromatic,0
1JRH_LH,L-TRP92ALA,L:W92A,buried_aromatic,0
1VFB_AB,B-TRP52ALA,B:W52A,buried_aromatic,0
1VFB_AB,A-TYR32ALA,A:Y32A,buried_aromatic,0
