system,mutation,mutation1,chain,start_aa,start_aa1,resnum,inscode,end_aa,base_system,component,time,node_group,exp_dg,exp_dg_unc,naive_pred_dg,naive_pred_dg_unc,dg_correction,dg_correction,group_pred_dg,group_pred_dg_unc,n_mut,wt_exp_dg,wt_naive_pred_dg,wt_group_pred_dg,exp_ddg,n_microstates,ddg_type,pred_ddg,err,abs_err,type
3SKJ_HL,H-ALA100CILE,H:A100CI,H,ALA,A,100,C,ILE,3SKJ,HL,10,H-A100CI,1.63,,3.15,0.16,0.0,0.0,3.15,0.16,1,0.0,-0.01,-0.01,1.63,1,group,3.16,1.53,1.53,neutral
3SKJ_HL,H-ALA100CILE,H:A100CI,H,ALA,A,100,C,ILE,3SKJ,HL,10,H-A100CI,1.63,,3.15,0.16,0.0,0.0,3.15,0.16,1,0.0,-0.01,-0.01,1.63,1,naive,3.16,1.53,1.53,neutral
3SKJ_HL,H-ALA100CILE,H:A100CI,H,ALA,A,100,C,ILE,3SKJ,HL,100,H-A100CI,1.63,,2.18,0.13,0.0,0.0,2.18,0.13,1,0.0,0.13,0.13,1.63,1,group,2.05,0.42,0.42,neutral
3SKJ_HL,H-ALA100CILE,H:A100CI,H,ALA,A,100,C,ILE,3SKJ,HL,100,H-A100CI,1.63,,2.18,0.13,0.0,0.0,2.18,0.13,1,0.0,0.13,0.13,1.63,1,naive,2.05,0.42,0.42,neutral
3SKJ_HL,H-VAL100DMET,H:V100DM,H,VAL,V,100,D,MET,3SKJ,HL,10,H-V100DM,-0.28,,-0.18,0.16,0.0,0.0,-0.18,0.16,1,0.0,-0.01,-0.01,-0.28,1,group,-0.17,0.11,0.11,neutral
3SKJ_HL,H-VAL100DMET,H:V100DM,H,VAL,V,100,D,MET,3SKJ,HL,10,H-V100DM,-0.28,,-0.18,0.16,0.0,0.0,-0.18,0.16,1,0.0,-0.01,-0.01,-0.28,1,naive,-0.17,0.11,0.11,neutral
3SKJ_HL,H-VAL100DMET,H:V100DM,H,VAL,V,100,D,MET,3SKJ,HL,100,H-V100DM,-0.28,,0.19,0.13,0.0,0.0,0.19,0.13,1,0.0,0.13,0.13,-0.28,1,group,0.06,0.34,0.34,neutral
3SKJ_HL,H-VAL100DMET,H:V100DM,H,VAL,V,100,D,MET,3SKJ,HL,100,H-V100DM,-0.28,,0.19,0.13,0.0,0.0,0.19,0.13,1,0.0,0.13,0.13,-0.28,1,naive,0.06,0.34,0.34,neutral
3SKJ_HL,H-ALA100EILE,H:A100EI,H,ALA,A,100,E,ILE,3SKJ,HL,10,H-A100EI,0.95,,0.76,0.19,0.0,0.0,0.76,0.19,1,0.0,-0.01,-0.01,0.95,1,group,0.77,-0.18,0.18,neutral
3SKJ_HL,H-ALA100EILE,H:A100EI,H,ALA,A,100,E,ILE,3SKJ,HL,10,H-A100EI,0.95,,0.76,0.19,0.0,0.0,0.76,0.19,1,0.0,-0.01,-0.01,0.95,1,naive,0.77,-0.18,0.18,neutral
3SKJ_HL,H-ALA100EILE,H:A100EI,H,ALA,A,100,E,ILE,3SKJ,HL,100,H-A100EI,0.95,,0.87,0.15,0.0,0.0,0.87,0.15,1,0.0,0.13,0.13,0.95,1,group,0.74,-0.21,0.21,neutral
3SKJ_HL,H-ALA100EILE,H:A100EI,H,ALA,A,100,E,ILE,3SKJ,HL,100,H-A100EI,0.95,,0.87,0.15,0.0,0.0,0.87,0.15,1,0.0,0.13,0.13,0.95,1,naive,0.74,-0.21,0.21,neutral
3SKJ_HL,H-ALA100ELYS,H:A100EK,H,ALA,A,100,E,LYS,3SKJ,HL,10,H-A100EK,-1.39,,2.03,0.22,-0.01,-0.01,2.02,0.22,1,0.0,-0.01,-0.01,-1.39,2,group,2.03,3.42,3.42,charged
3SKJ_HL,H-ALA100ELYS,H:A100EK,H,ALA,A,100,E,LYS,3SKJ,HL,10,H-A100EK,-1.39,,2.03,0.22,-0.01,-0.01,2.02,0.22,1,0.0,-0.01,-0.01,-1.39,2,naive,2.04,3.43,3.43,charged
3SKJ_HL,H-ALA100ELYS,H:A100EK,H,ALA,A,100,E,LYS,3SKJ,HL,100,H-A100EK,-1.39,,1.11,0.17,-0.0,-0.0,1.11,0.17,1,0.0,0.13,0.13,-1.39,2,group,0.98,2.37,2.37,charged
3SKJ_HL,H-ALA100ELYS,H:A100EK,H,ALA,A,100,E,LYS,3SKJ,HL,100,H-A100EK,-1.39,,1.11,0.17,-0.0,-0.0,1.11,0.17,1,0.0,0.13,0.13,-1.39,2,naive,0.98,2.37,2.37,charged
3SKJ_HL,H-ALA100EMET,H:A100EM,H,ALA,A,100,E,MET,3SKJ,HL,10,H-A100EM,-0.55,,0.03,0.17,0.0,0.0,0.03,0.17,1,0.0,-0.01,-0.01,-0.55,1,group,0.04,0.59,0.59,neutral
3SKJ_HL,H-ALA100EMET,H:A100EM,H,ALA,A,100,E,MET,3SKJ,HL,10,H-A100EM,-0.55,,0.03,0.17,0.0,0.0,0.03,0.17,1,0.0,-0.01,-0.01,-0.55,1,naive,0.04,0.59,0.59,neutral
3SKJ_HL,H-ALA100EMET,H:A100EM,H,ALA,A,100,E,MET,3SKJ,HL,100,H-A100EM,-0.55,,-0.75,0.17,0.0,0.0,-0.75,0.17,1,0.0,0.13,0.13,-0.55,1,group,-0.88,-0.33,0.33,neutral
3SKJ_HL,H-ALA100EMET,H:A100EM,H,ALA,A,100,E,MET,3SKJ,HL,100,H-A100EM,-0.55,,-0.75,0.17,0.0,0.0,-0.75,0.17,1,0.0,0.13,0.13,-0.55,1,naive,-0.88,-0.33,0.33,neutral
3SKJ_HL,H-ALA100EPHE,H:A100EF,H,ALA,A,100,E,PHE,3SKJ,HL,10,H-A100EF,1.72,,1.58,0.28,0.0,0.0,1.58,0.28,1,0.0,-0.01,-0.01,1.72,1,group,1.59,-0.13,0.13,neutral
3SKJ_HL,H-ALA100EPHE,H:A100EF,H,ALA,A,100,E,PHE,3SKJ,HL,10,H-A100EF,1.72,,1.58,0.28,0.0,0.0,1.58,0.28,1,0.0,-0.01,-0.01,1.72,1,naive,1.59,-0.13,0.13,neutral
3SKJ_HL,H-ALA100EPHE,H:A100EF,H,ALA,A,100,E,PHE,3SKJ,HL,100,H-A100EF,1.72,,-0.03,0.23,0.0,0.0,-0.03,0.23,1,0.0,0.13,0.13,1.72,1,group,-0.16,-1.88,1.88,neutral
3SKJ_HL,H-ALA100EPHE,H:A100EF,H,ALA,A,100,E,PHE,3SKJ,HL,100,H-A100EF,1.72,,-0.03,0.23,0.0,0.0,-0.03,0.23,1,0.0,0.13,0.13,1.72,1,naive,-0.16,-1.88,1.88,neutral
3SKJ_HL,H-PRO100GTYR,H:P100GY,H,PRO,P,100,G,TYR,3SKJ,HL,10,H-P100GY,4.64,,-0.26,0.16,0.0,0.0,-0.26,0.16,1,0.0,-0.01,-0.01,4.64,1,group,-0.25,-4.89,4.89,core-hopping
3SKJ_HL,H-PRO100GTYR,H:P100GY,H,PRO,P,100,G,TYR,3SKJ,HL,10,H-P100GY,4.64,,-0.26,0.16,0.0,0.0,-0.26,0.16,1,0.0,-0.01,-0.01,4.64,1,naive,-0.25,-4.89,4.89,core-hopping
3SKJ_HL,H-PRO100GTYR,H:P100GY,H,PRO,P,100,G,TYR,3SKJ,HL,100,H-P100GY,4.64,,0.15,0.13,0.0,0.0,0.15,0.13,1,0.0,0.13,0.13,4.64,1,group,0.02,-4.62,4.62,core-hopping
3SKJ_HL,H-PRO100GTYR,H:P100GY,H,PRO,P,100,G,TYR,3SKJ,HL,100,H-P100GY,4.64,,0.15,0.13,0.0,0.0,0.15,0.13,1,0.0,0.13,0.13,4.64,1,naive,0.02,-4.62,4.62,core-hopping
3SKJ_HL,H-GLY52ARG,H:G52R,H,GLY,G,52,,ARG,3SKJ,HL,10,H-G52R,-0.05,,-0.61,0.26,0.0,0.0,-0.61,0.26,1,0.0,-0.01,-0.01,-0.05,1,group,-0.6,-0.55,0.55,charged
3SKJ_HL,H-GLY52ARG,H:G52R,H,GLY,G,52,,ARG,3SKJ,HL,10,H-G52R,-0.05,,-0.61,0.26,0.0,0.0,-0.61,0.26,1,0.0,-0.01,-0.01,-0.05,1,naive,-0.6,-0.55,0.55,charged
3SKJ_HL,H-GLY52ARG,H:G52R,H,GLY,G,52,,ARG,3SKJ,HL,100,H-G52R,-0.05,,-0.21,0.16,0.0,0.0,-0.21,0.16,1,0.0,0.13,0.13,-0.05,1,group,-0.34,-0.29,0.29,charged
3SKJ_HL,H-GLY52ARG,H:G52R,H,GLY,G,52,,ARG,3SKJ,HL,100,H-G52R,-0.05,,-0.21,0.16,0.0,0.0,-0.21,0.16,1,0.0,0.13,0.13,-0.05,1,naive,-0.34,-0.29,0.29,charged
3SKJ_HL,L-SER30TRP,L:S30W,L,SER,S,30,,TRP,3SKJ,HL,10,L-S30W,-0.05,,-0.63,0.16,0.0,0.0,-0.63,0.16,1,0.0,-0.01,-0.01,-0.05,1,group,-0.62,-0.57,0.57,neutral
3SKJ_HL,L-SER30TRP,L:S30W,L,SER,S,30,,TRP,3SKJ,HL,10,L-S30W,-0.05,,-0.63,0.16,0.0,0.0,-0.63,0.16,1,0.0,-0.01,-0.01,-0.05,1,naive,-0.62,-0.57,0.57,neutral
3SKJ_HL,L-SER30TRP,L:S30W,L,SER,S,30,,TRP,3SKJ,HL,100,L-S30W,-0.05,,-0.94,0.13,0.0,0.0,-0.94,0.13,1,0.0,0.13,0.13,-0.05,1,group,-1.07,-1.02,1.02,neutral
3SKJ_HL,L-SER30TRP,L:S30W,L,SER,S,30,,TRP,3SKJ,HL,100,L-S30W,-0.05,,-0.94,0.13,0.0,0.0,-0.94,0.13,1,0.0,0.13,0.13,-0.05,1,naive,-1.07,-1.02,1.02,neutral
3SKJ_HL,L-THR31ARG,L:T31R,L,THR,T,31,,ARG,3SKJ,HL,10,L-T31R,-0.64,,-0.67,0.16,0.0,0.0,-0.67,0.16,1,0.0,-0.01,-0.01,-0.64,1,group,-0.66,-0.02,0.02,charged
3SKJ_HL,L-THR31ARG,L:T31R,L,THR,T,31,,ARG,3SKJ,HL,10,L-T31R,-0.64,,-0.67,0.16,0.0,0.0,-0.67,0.16,1,0.0,-0.01,-0.01,-0.64,1,naive,-0.66,-0.02,0.02,charged
3SKJ_HL,L-THR31ARG,L:T31R,L,THR,T,31,,ARG,3SKJ,HL,100,L-T31R,-0.64,,-0.29,0.13,0.0,0.0,-0.29,0.13,1,0.0,0.13,0.13,-0.64,1,group,-0.42,0.22,0.22,charged
3SKJ_HL,L-THR31ARG,L:T31R,L,THR,T,31,,ARG,3SKJ,HL,100,L-T31R,-0.64,,-0.29,0.13,0.0,0.0,-0.29,0.13,1,0.0,0.13,0.13,-0.64,1,naive,-0.42,0.22,0.22,charged
3SKJ_HL,L-THR31GLN,L:T31Q,L,THR,T,31,,GLN,3SKJ,HL,10,L-T31Q,-0.62,,-0.98,0.27,0.0,0.0,-0.98,0.27,1,0.0,-0.01,-0.01,-0.62,1,group,-0.97,-0.35,0.35,neutral
3SKJ_HL,L-THR31GLN,L:T31Q,L,THR,T,31,,GLN,3SKJ,HL,10,L-T31Q,-0.62,,-0.98,0.27,0.0,0.0,-0.98,0.27,1,0.0,-0.01,-0.01,-0.62,1,naive,-0.97,-0.35,0.35,neutral
3SKJ_HL,L-THR31GLN,L:T31Q,L,THR,T,31,,GLN,3SKJ,HL,100,L-T31Q,-0.62,,-0.76,0.21,0.0,0.0,-0.76,0.21,1,0.0,0.13,0.13,-0.62,1,group,-0.89,-0.27,0.27,neutral
3SKJ_HL,L-THR31GLN,L:T31Q,L,THR,T,31,,GLN,3SKJ,HL,100,L-T31Q,-0.62,,-0.76,0.21,0.0,0.0,-0.76,0.21,1,0.0,0.13,0.13,-0.62,1,naive,-0.89,-0.27,0.27,neutral
3SKJ_HL,L-THR31HIE,L:T31H,L,THR,T,31,,HIE,3SKJ,HL,10,L-T31H,-0.03,,-1.84,0.21,0.67,0.67,-1.17,0.21,1,0.0,-0.01,-0.01,-0.03,3,group,-1.16,-1.13,1.13,charged
3SKJ_HL,L-THR31HIE,L:T31H,L,THR,T,31,,HIE,3SKJ,HL,10,L-T31H,-0.03,,-1.84,0.21,0.67,0.67,-1.17,0.21,1,0.0,-0.01,-0.01,-0.03,3,naive,-1.83,-1.8,1.8,charged
3SKJ_HL,L-THR31HIE,L:T31H,L,THR,T,31,,HIE,3SKJ,HL,100,L-T31H,-0.03,,-1.44,0.13,0.53,0.53,-0.91,0.13,1,0.0,0.13,0.13,-0.03,3,group,-1.04,-1.01,1.01,charged
3SKJ_HL,L-THR31HIE,L:T31H,L,THR,T,31,,HIE,3SKJ,HL,100,L-T31H,-0.03,,-1.44,0.13,0.53,0.53,-0.91,0.13,1,0.0,0.13,0.13,-0.03,3,naive,-1.57,-1.54,1.54,charged
3SKJ_HL,L-THR31LYS,L:T31K,L,THR,T,31,,LYS,3SKJ,HL,10,L-T31K,-1.19,,-1.37,0.27,0.0,0.0,-1.37,0.27,1,0.0,-0.01,-0.01,-1.19,2,group,-1.36,-0.17,0.17,charged
3SKJ_HL,L-THR31LYS,L:T31K,L,THR,T,31,,LYS,3SKJ,HL,10,L-T31K,-1.19,,-1.37,0.27,0.0,0.0,-1.37,0.27,1,0.0,-0.01,-0.01,-1.19,2,naive,-1.36,-0.17,0.17,charged
3SKJ_HL,L-THR31LYS,L:T31K,L,THR,T,31,,LYS,3SKJ,HL,100,L-T31K,-1.19,,-0.75,0.2,0.0,0.0,-0.75,0.2,1,0.0,0.13,0.13,-1.19,2,group,-0.88,0.31,0.31,charged
3SKJ_HL,L-THR31LYS,L:T31K,L,THR,T,31,,LYS,3SKJ,HL,100,L-T31K,-1.19,,-0.75,0.2,0.0,0.0,-0.75,0.2,1,0.0,0.13,0.13,-1.19,2,naive,-0.88,0.31,0.31,charged
3SKJ_HL,L-THR31PHE,L:T31F,L,THR,T,31,,PHE,3SKJ,HL,10,L-T31F,-0.22,,-1.26,0.16,0.0,0.0,-1.26,0.16,1,0.0,-0.01,-0.01,-0.22,1,group,-1.25,-1.03,1.03,neutral
3SKJ_HL,L-THR31PHE,L:T31F,L,THR,T,31,,PHE,3SKJ,HL,10,L-T31F,-0.22,,-1.26,0.16,0.0,0.0,-1.26,0.16,1,0.0,-0.01,-0.01,-0.22,1,naive,-1.25,-1.03,1.03,neutral
3SKJ_HL,L-THR31PHE,L:T31F,L,THR,T,31,,PHE,3SKJ,HL,100,L-T31F,-0.22,,-0.86,0.13,0.0,0.0,-0.86,0.13,1,0.0,0.13,0.13,-0.22,1,group,-0.99,-0.77,0.77,neutral
3SKJ_HL,L-THR31PHE,L:T31F,L,THR,T,31,,PHE,3SKJ,HL,100,L-T31F,-0.22,,-0.86,0.13,0.0,0.0,-0.86,0.13,1,0.0,0.13,0.13,-0.22,1,naive,-0.99,-0.77,0.77,neutral
3SKJ_HL,L-ASN53ARG,L:N53R,L,ASN,N,53,,ARG,3SKJ,HL,10,L-N53R,-0.14,,2.42,0.19,0.0,0.0,2.42,0.19,1,0.0,-0.01,-0.01,-0.14,1,group,2.43,2.57,2.57,charged
3SKJ_HL,L-ASN53ARG,L:N53R,L,ASN,N,53,,ARG,3SKJ,HL,10,L-N53R,-0.14,,2.42,0.19,0.0,0.0,2.42,0.19,1,0.0,-0.01,-0.01,-0.14,1,naive,2.43,2.57,2.57,charged
3SKJ_HL,L-ASN53ARG,L:N53R,L,ASN,N,53,,ARG,3SKJ,HL,100,L-N53R,-0.14,,2.58,0.13,0.0,0.0,2.58,0.13,1,0.0,0.13,0.13,-0.14,1,group,2.45,2.59,2.59,charged
3SKJ_HL,L-ASN53ARG,L:N53R,L,ASN,N,53,,ARG,3SKJ,HL,100,L-N53R,-0.14,,2.58,0.13,0.0,0.0,2.58,0.13,1,0.0,0.13,0.13,-0.14,1,naive,2.45,2.59,2.59,charged
3SKJ_HL,L-ASN53TYR,L:N53Y,L,ASN,N,53,,TYR,3SKJ,HL,10,L-N53Y,0.7,,2.05,0.19,0.0,0.0,2.05,0.19,1,0.0,-0.01,-0.01,0.7,1,group,2.06,1.36,1.36,neutral
3SKJ_HL,L-ASN53TYR,L:N53Y,L,ASN,N,53,,TYR,3SKJ,HL,10,L-N53Y,0.7,,2.05,0.19,0.0,0.0,2.05,0.19,1,0.0,-0.01,-0.01,0.7,1,naive,2.06,1.36,1.36,neutral
3SKJ_HL,L-ASN53TYR,L:N53Y,L,ASN,N,53,,TYR,3SKJ,HL,100,L-N53Y,0.7,,2.63,0.13,0.0,0.0,2.63,0.13,1,0.0,0.13,0.13,0.7,1,group,2.5,1.8,1.8,neutral
3SKJ_HL,L-ASN53TYR,L:N53Y,L,ASN,N,53,,TYR,3SKJ,HL,100,L-N53Y,0.7,,2.63,0.13,0.0,0.0,2.63,0.13,1,0.0,0.13,0.13,0.7,1,naive,2.5,1.8,1.8,neutral
3SKJ_HL,L-THR56PHE,L:T56F,L,THR,T,56,,PHE,3SKJ,HL,10,L-T56F,-0.21,,-0.04,0.16,0.0,0.0,-0.04,0.16,1,0.0,-0.01,-0.01,-0.21,1,group,-0.03,0.18,0.18,neutral
3SKJ_HL,L-THR56PHE,L:T56F,L,THR,T,56,,PHE,3SKJ,HL,10,L-T56F,-0.21,,-0.04,0.16,0.0,0.0,-0.04,0.16,1,0.0,-0.01,-0.01,-0.21,1,naive,-0.03,0.18,0.18,neutral
3SKJ_HL,L-THR56PHE,L:T56F,L,THR,T,56,,PHE,3SKJ,HL,100,L-T56F,-0.21,,0.2,0.14,0.0,0.0,0.2,0.14,1,0.0,0.13,0.13,-0.21,1,group,0.07,0.28,0.28,neutral
3SKJ_HL,L-THR56PHE,L:T56F,L,THR,T,56,,PHE,3SKJ,HL,100,L-T56F,-0.21,,0.2,0.14,0.0,0.0,0.2,0.14,1,0.0,0.13,0.13,-0.21,1,naive,0.07,0.28,0.28,neutral
3SKJ_HL,L-THR56TRP,L:T56W,L,THR,T,56,,TRP,3SKJ,HL,10,L-T56W,-0.17,,0.04,0.16,0.0,0.0,0.04,0.16,1,0.0,-0.01,-0.01,-0.17,1,group,0.05,0.22,0.22,neutral
3SKJ_HL,L-THR56TRP,L:T56W,L,THR,T,56,,TRP,3SKJ,HL,10,L-T56W,-0.17,,0.04,0.16,0.0,0.0,0.04,0.16,1,0.0,-0.01,-0.01,-0.17,1,naive,0.05,0.22,0.22,neutral
3SKJ_HL,L-THR56TRP,L:T56W,L,THR,T,56,,TRP,3SKJ,HL,100,L-T56W,-0.17,,0.35,0.14,0.0,0.0,0.35,0.14,1,0.0,0.13,0.13,-0.17,1,group,0.22,0.39,0.39,neutral
3SKJ_HL,L-THR56TRP,L:T56W,L,THR,T,56,,TRP,3SKJ,HL,100,L-T56W,-0.17,,0.35,0.14,0.0,0.0,0.35,0.14,1,0.0,0.13,0.13,-0.17,1,naive,0.22,0.39,0.39,neutral
5L6Y_HL,H-SER99ALA,H:S99A,H,SER,S,99,,ALA,5L6Y,HL,10,H-S99A,-0.06,,-0.51,0.29,0.0,0.0,1.59,0.29,1,0.0,-0.53,1.57,-0.06,1,group,0.02,0.08,0.08,neutral
5L6Y_HL,H-SER99ALA,H:S99A,H,SER,S,99,,ALA,5L6Y,HL,10,H-S99A,-0.06,,-0.51,0.29,0.0,0.0,1.59,0.29,1,0.0,-0.53,1.57,-0.06,1,naive,0.02,0.08,0.08,neutral
5L6Y_HL,H-SER99ALA,H:S99A,H,SER,S,99,,ALA,5L6Y,HL,100,H-S99A,-0.06,,-0.43,0.26,0.0,0.0,1.47,0.26,1,0.0,-0.37,1.53,-0.06,1,group,-0.06,0.0,0.0,neutral
5L6Y_HL,H-SER99ALA,H:S99A,H,SER,S,99,,ALA,5L6Y,HL,100,H-S99A,-0.06,,-0.43,0.26,0.0,0.0,1.47,0.26,1,0.0,-0.37,1.53,-0.06,1,naive,-0.06,0.0,0.0,neutral
5L6Y_HL,L-ILE27ALA,L:I27A,L,ILE,I,27,,ALA,5L6Y,HL,10,L-I27A,1.25,,0.58,0.27,0.0,0.0,2.68,0.27,1,0.0,-0.53,1.57,1.25,1,group,1.11,-0.14,0.14,neutral
5L6Y_HL,L-ILE27ALA,L:I27A,L,ILE,I,27,,ALA,5L6Y,HL,10,L-I27A,1.25,,0.58,0.27,0.0,0.0,2.68,0.27,1,0.0,-0.53,1.57,1.25,1,naive,1.11,-0.14,0.14,neutral
5L6Y_HL,L-ILE27ALA,L:I27A,L,ILE,I,27,,ALA,5L6Y,HL,100,L-I27A,1.25,,1.07,0.24,0.0,0.0,2.97,0.24,1,0.0,-0.37,1.53,1.25,1,group,1.44,0.19,0.19,neutral
5L6Y_HL,L-ILE27ALA,L:I27A,L,ILE,I,27,,ALA,5L6Y,HL,100,L-I27A,1.25,,1.07,0.24,0.0,0.0,2.97,0.24,1,0.0,-0.37,1.53,1.25,1,naive,1.44,0.19,0.19,neutral
5L6Y_HL,L-ILE27ASN,L:I27N,L,ILE,I,27,,ASN,5L6Y,HL,10,L-I27N,1.6,,0.27,0.28,0.0,0.0,2.37,0.28,1,0.0,-0.53,1.57,1.6,1,group,0.8,-0.8,0.8,neutral
5L6Y_HL,L-ILE27ASN,L:I27N,L,ILE,I,27,,ASN,5L6Y,HL,10,L-I27N,1.6,,0.27,0.28,0.0,0.0,2.37,0.28,1,0.0,-0.53,1.57,1.6,1,naive,0.8,-0.8,0.8,neutral
5L6Y_HL,L-ILE27ASN,L:I27N,L,ILE,I,27,,ASN,5L6Y,HL,100,L-I27N,1.6,,0.59,0.26,0.0,0.0,2.49,0.26,1,0.0,-0.37,1.53,1.6,1,group,0.96,-0.64,0.64,neutral
5L6Y_HL,L-ILE27ASN,L:I27N,L,ILE,I,27,,ASN,5L6Y,HL,100,L-I27N,1.6,,0.59,0.26,0.0,0.0,2.49,0.26,1,0.0,-0.37,1.53,1.6,1,naive,0.96,-0.64,0.64,neutral
5L6Y_HL,L-ASP50ALA,L:D50A,L,ASP,D,50,,ALA,5L6Y,HL,10,L-D50A,2.23,,8.83,0.24,-2.07,-2.07,8.86,0.24,1,0.0,-0.53,1.57,2.23,1,group,7.29,5.06,5.06,charged
5L6Y_HL,L-ASP50ALA,L:D50A,L,ASP,D,50,,ALA,5L6Y,HL,10,L-D50A,2.23,,8.83,0.24,-2.07,-2.07,8.86,0.24,1,0.0,-0.53,1.57,2.23,1,naive,9.36,7.13,7.13,charged
5L6Y_HL,L-ASP50ALA,L:D50A,L,ASP,D,50,,ALA,5L6Y,HL,100,L-D50A,2.23,,7.64,0.22,-1.89,-1.89,7.65,0.22,1,0.0,-0.37,1.53,2.23,1,group,6.12,3.89,3.89,charged
5L6Y_HL,L-ASP50ALA,L:D50A,L,ASP,D,50,,ALA,5L6Y,HL,100,L-D50A,2.23,,7.64,0.22,-1.89,-1.89,7.65,0.22,1,0.0,-0.37,1.53,2.23,1,naive,8.01,5.78,5.78,charged
5L6Y_HL,L-GLY68GLU,L:G68E,L,GLY,G,68,,GLU,5L6Y,HL,10,L-G68E,1.25,,0.18,0.27,0.0,0.0,2.28,0.27,1,0.0,-0.53,1.57,1.25,2,group,0.71,-0.54,0.54,charged
5L6Y_HL,L-GLY68GLU,L:G68E,L,GLY,G,68,,GLU,5L6Y,HL,10,L-G68E,1.25,,0.18,0.27,0.0,0.0,2.28,0.27,1,0.0,-0.53,1.57,1.25,2,naive,0.71,-0.54,0.54,charged
5L6Y_HL,L-GLY68GLU,L:G68E,L,GLY,G,68,,GLU,5L6Y,HL,100,L-G68E,1.25,,0.08,0.28,0.0,0.0,1.98,0.28,1,0.0,-0.37,1.53,1.25,2,group,0.45,-0.8,0.8,charged
5L6Y_HL,L-GLY68GLU,L:G68E,L,GLY,G,68,,GLU,5L6Y,HL,100,L-G68E,1.25,,0.08,0.28,0.0,0.0,1.98,0.28,1,0.0,-0.37,1.53,1.25,2,naive,0.45,-0.8,0.8,charged
5L6Y_HL,L-GLY68TRP,L:G68W,L,GLY,G,68,,TRP,5L6Y,HL,10,L-G68W,0.21,,-0.91,0.28,0.0,0.0,1.19,0.28,1,0.0,-0.53,1.57,0.21,1,group,-0.38,-0.59,0.59,neutral
5L6Y_HL,L-GLY68TRP,L:G68W,L,GLY,G,68,,TRP,5L6Y,HL,10,L-G68W,0.21,,-0.91,0.28,0.0,0.0,1.19,0.28,1,0.0,-0.53,1.57,0.21,1,naive,-0.38,-0.59,0.59,neutral
5L6Y_HL,L-GLY68TRP,L:G68W,L,GLY,G,68,,TRP,5L6Y,HL,100,L-G68W,0.21,,-0.38,0.28,0.0,0.0,1.52,0.28,1,0.0,-0.37,1.53,0.21,1,group,-0.01,-0.22,0.22,neutral
5L6Y_HL,L-GLY68TRP,L:G68W,L,GLY,G,68,,TRP,5L6Y,HL,100,L-G68W,0.21,,-0.38,0.28,0.0,0.0,1.52,0.28,1,0.0,-0.37,1.53,0.21,1,naive,-0.01,-0.22,0.22,neutral
6SBA_B,B-ASP11ALA,B:D11A,B,ASP,D,11,,ALA,6SBA,B,10,B-D11A,0.17,,0.02,0.11,0.0,0.0,0.02,0.11,1,0.0,-0.09,-0.09,0.17,1,group,0.11,-0.06,0.06,charged
6SBA_B,B-ASP11ALA,B:D11A,B,ASP,D,11,,ALA,6SBA,B,10,B-D11A,0.17,,0.02,0.11,0.0,0.0,0.02,0.11,1,0.0,-0.09,-0.09,0.17,1,naive,0.11,-0.06,0.06,charged
6SBA_B,B-ASP11ALA,B:D11A,B,ASP,D,11,,ALA,6SBA,B,100,B-D11A,0.17,,0.19,0.1,0.0,0.0,0.19,0.1,1,0.0,0.1,0.1,0.17,1,group,0.09,-0.08,0.08,charged
6SBA_B,B-ASP11ALA,B:D11A,B,ASP,D,11,,ALA,6SBA,B,100,B-D11A,0.17,,0.19,0.1,0.0,0.0,0.19,0.1,1,0.0,0.1,0.1,0.17,1,naive,0.09,-0.08,0.08,charged
6SBA_B,B-LYS15ALA,B:K15A,B,LYS,K,15,,ALA,6SBA,B,10,B-K15A,0.5,,0.16,0.1,0.0,0.0,0.16,0.1,1,0.0,-0.09,-0.09,0.5,1,group,0.25,-0.25,0.25,charged
6SBA_B,B-LYS15ALA,B:K15A,B,LYS,K,15,,ALA,6SBA,B,10,B-K15A,0.5,,0.16,0.1,0.0,0.0,0.16,0.1,1,0.0,-0.09,-0.09,0.5,1,naive,0.25,-0.25,0.25,charged
6SBA_B,B-LYS15ALA,B:K15A,B,LYS,K,15,,ALA,6SBA,B,100,B-K15A,0.5,,0.34,0.1,0.0,0.0,0.34,0.1,1,0.0,0.1,0.1,0.5,1,group,0.24,-0.26,0.26,charged
6SBA_B,B-LYS15ALA,B:K15A,B,LYS,K,15,,ALA,6SBA,B,100,B-K15A,0.5,,0.34,0.1,0.0,0.0,0.34,0.1,1,0.0,0.1,0.1,0.5,1,naive,0.24,-0.26,0.26,charged
6SBA_B,B-LYS15ARG,B:K15R,B,LYS,K,15,,ARG,6SBA,B,10,B-K15R,-1.04,,-0.06,0.1,0.0,0.0,-0.06,0.1,1,0.0,-0.09,-0.09,-1.04,1,group,0.03,1.07,1.07,charged
6SBA_B,B-LYS15ARG,B:K15R,B,LYS,K,15,,ARG,6SBA,B,10,B-K15R,-1.04,,-0.06,0.1,0.0,0.0,-0.06,0.1,1,0.0,-0.09,-0.09,-1.04,1,naive,0.03,1.07,1.07,charged
6SBA_B,B-LYS15ARG,B:K15R,B,LYS,K,15,,ARG,6SBA,B,100,B-K15R,-1.04,,0.12,0.1,0.0,0.0,0.12,0.1,1,0.0,0.1,0.1,-1.04,1,group,0.02,1.06,1.06,charged
6SBA_B,B-LYS15ARG,B:K15R,B,LYS,K,15,,ARG,6SBA,B,100,B-K15R,-1.04,,0.12,0.1,0.0,0.0,0.12,0.1,1,0.0,0.1,0.1,-1.04,1,naive,0.02,1.06,1.06,charged
6SBA_B,B-LYS15PHE,B:K15F,B,LYS,K,15,,PHE,6SBA,B,10,B-K15F,0.5,,0.72,0.1,0.0,0.0,0.72,0.1,1,0.0,-0.09,-0.09,0.5,1,group,0.81,0.31,0.31,charged
6SBA_B,B-LYS15PHE,B:K15F,B,LYS,K,15,,PHE,6SBA,B,10,B-K15F,0.5,,0.72,0.1,0.0,0.0,0.72,0.1,1,0.0,-0.09,-0.09,0.5,1,naive,0.81,0.31,0.31,charged
6SBA_B,B-LYS15PHE,B:K15F,B,LYS,K,15,,PHE,6SBA,B,100,B-K15F,0.5,,0.89,0.1,0.0,0.0,0.89,0.1,1,0.0,0.1,0.1,0.5,1,group,0.79,0.29,0.29,charged
6SBA_B,B-LYS15PHE,B:K15F,B,LYS,K,15,,PHE,6SBA,B,100,B-K15F,0.5,,0.89,0.1,0.0,0.0,0.89,0.1,1,0.0,0.1,0.1,0.5,1,naive,0.79,0.29,0.29,charged
6SBA_B,B-LYS15TRP,B:K15W,B,LYS,K,15,,TRP,6SBA,B,10,B-K15W,0.96,,0.58,0.1,0.0,0.0,0.58,0.1,1,0.0,-0.09,-0.09,0.96,1,group,0.67,-0.29,0.29,charged
6SBA_B,B-LYS15TRP,B:K15W,B,LYS,K,15,,TRP,6SBA,B,10,B-K15W,0.96,,0.58,0.1,0.0,0.0,0.58,0.1,1,0.0,-0.09,-0.09,0.96,1,naive,0.67,-0.29,0.29,charged
6SBA_B,B-LYS15TRP,B:K15W,B,LYS,K,15,,TRP,6SBA,B,100,B-K15W,0.96,,0.42,0.1,0.0,0.0,0.42,0.1,1,0.0,0.1,0.1,0.96,1,group,0.32,-0.64,0.64,charged
6SBA_B,B-LYS15TRP,B:K15W,B,LYS,K,15,,TRP,6SBA,B,100,B-K15W,0.96,,0.42,0.1,0.0,0.0,0.42,0.1,1,0.0,0.1,0.1,0.96,1,naive,0.32,-0.64,0.64,charged
6SBA_B,B-LYS15TYR,B:K15Y,B,LYS,K,15,,TYR,6SBA,B,10,B-K15Y,0.81,,0.37,0.1,0.0,0.0,0.37,0.1,1,0.0,-0.09,-0.09,0.81,1,group,0.46,-0.35,0.35,charged
6SBA_B,B-LYS15TYR,B:K15Y,B,LYS,K,15,,TYR,6SBA,B,10,B-K15Y,0.81,,0.37,0.1,0.0,0.0,0.37,0.1,1,0.0,-0.09,-0.09,0.81,1,naive,0.46,-0.35,0.35,charged
6SBA_B,B-LYS15TYR,B:K15Y,B,LYS,K,15,,TYR,6SBA,B,100,B-K15Y,0.81,,0.54,0.1,0.0,0.0,0.54,0.1,1,0.0,0.1,0.1,0.81,1,group,0.44,-0.37,0.37,charged
6SBA_B,B-LYS15TYR,B:K15Y,B,LYS,K,15,,TYR,6SBA,B,100,B-K15Y,0.81,,0.54,0.1,0.0,0.0,0.54,0.1,1,0.0,0.1,0.1,0.81,1,naive,0.44,-0.37,0.37,charged
6SBA_B,B-ALA16VAL,B:A16V,B,ALA,A,16,,VAL,6SBA,B,10,B-A16V,0.35,,0.75,0.1,0.0,0.0,0.75,0.1,1,0.0,-0.09,-0.09,0.35,1,group,0.84,0.49,0.49,neutral
6SBA_B,B-ALA16VAL,B:A16V,B,ALA,A,16,,VAL,6SBA,B,10,B-A16V,0.35,,0.75,0.1,0.0,0.0,0.75,0.1,1,0.0,-0.09,-0.09,0.35,1,naive,0.84,0.49,0.49,neutral
6SBA_B,B-ALA16VAL,B:A16V,B,ALA,A,16,,VAL,6SBA,B,100,B-A16V,0.35,,0.9,0.1,0.0,0.0,0.9,0.1,1,0.0,0.1,0.1,0.35,1,group,0.8,0.45,0.45,neutral
6SBA_B,B-ALA16VAL,B:A16V,B,ALA,A,16,,VAL,6SBA,B,100,B-A16V,0.35,,0.9,0.1,0.0,0.0,0.9,0.1,1,0.0,0.1,0.1,0.35,1,naive,0.8,0.45,0.45,neutral
6SBA_B,B-THR20ALA,B:T20A,B,THR,T,20,,ALA,6SBA,B,10,B-T20A,2.69,,-0.04,0.1,0.0,0.0,-0.04,0.1,1,0.0,-0.09,-0.09,2.69,1,group,0.05,-2.64,2.64,neutral
6SBA_B,B-THR20ALA,B:T20A,B,THR,T,20,,ALA,6SBA,B,10,B-T20A,2.69,,-0.04,0.1,0.0,0.0,-0.04,0.1,1,0.0,-0.09,-0.09,2.69,1,naive,0.05,-2.64,2.64,neutral
6SBA_B,B-THR20ALA,B:T20A,B,THR,T,20,,ALA,6SBA,B,100,B-T20A,2.69,,0.16,0.1,0.0,0.0,0.16,0.1,1,0.0,0.1,0.1,2.69,1,group,0.06,-2.63,2.63,neutral
6SBA_B,B-THR20ALA,B:T20A,B,THR,T,20,,ALA,6SBA,B,100,B-T20A,2.69,,0.16,0.1,0.0,0.0,0.16,0.1,1,0.0,0.1,0.1,2.69,1,naive,0.06,-2.63,2.63,neutral
6SBA_B,B-TRP21ALA,B:W21A,B,TRP,W,21,,ALA,6SBA,B,10,B-W21A,1.5,,2.39,0.1,0.0,0.0,2.39,0.1,1,0.0,-0.09,-0.09,1.5,1,group,2.48,0.98,0.98,neutral
6SBA_B,B-TRP21ALA,B:W21A,B,TRP,W,21,,ALA,6SBA,B,10,B-W21A,1.5,,2.39,0.1,0.0,0.0,2.39,0.1,1,0.0,-0.09,-0.09,1.5,1,naive,2.48,0.98,0.98,neutral
6SBA_B,B-TRP21ALA,B:W21A,B,TRP,W,21,,ALA,6SBA,B,100,B-W21A,1.5,,1.56,0.1,0.0,0.0,1.56,0.1,1,0.0,0.1,0.1,1.5,1,group,1.46,-0.04,0.04,neutral
6SBA_B,B-TRP21ALA,B:W21A,B,TRP,W,21,,ALA,6SBA,B,100,B-W21A,1.5,,1.56,0.1,0.0,0.0,1.56,0.1,1,0.0,0.1,0.1,1.5,1,naive,1.46,-0.04,0.04,neutral
6SBA_B,B-LEU22ALA,B:L22A,B,LEU,L,22,,ALA,6SBA,B,10,B-L22A,0.3,,-0.39,0.1,0.0,0.0,-0.39,0.1,1,0.0,-0.09,-0.09,0.3,1,group,-0.3,-0.6,0.6,neutral
6SBA_B,B-LEU22ALA,B:L22A,B,LEU,L,22,,ALA,6SBA,B,10,B-L22A,0.3,,-0.39,0.1,0.0,0.0,-0.39,0.1,1,0.0,-0.09,-0.09,0.3,1,naive,-0.3,-0.6,0.6,neutral
6SBA_B,B-LEU22ALA,B:L22A,B,LEU,L,22,,ALA,6SBA,B,100,B-L22A,0.3,,0.44,0.1,0.0,0.0,0.44,0.1,1,0.0,0.1,0.1,0.3,1,group,0.34,0.04,0.04,neutral
6SBA_B,B-LEU22ALA,B:L22A,B,LEU,L,22,,ALA,6SBA,B,100,B-L22A,0.3,,0.44,0.1,0.0,0.0,0.44,0.1,1,0.0,0.1,0.1,0.3,1,naive,0.34,0.04,0.04,neutral
6SBA_B,B-GLN23ALA,B:Q23A,B,GLN,Q,23,,ALA,6SBA,B,10,B-Q23A,0.05,,-0.11,0.11,0.0,0.0,-0.11,0.11,1,0.0,-0.09,-0.09,0.05,1,group,-0.02,-0.07,0.07,neutral
6SBA_B,B-GLN23ALA,B:Q23A,B,GLN,Q,23,,ALA,6SBA,B,10,B-Q23A,0.05,,-0.11,0.11,0.0,0.0,-0.11,0.11,1,0.0,-0.09,-0.09,0.05,1,naive,-0.02,-0.07,0.07,neutral
6SBA_B,B-GLN23ALA,B:Q23A,B,GLN,Q,23,,ALA,6SBA,B,100,B-Q23A,0.05,,0.15,0.1,0.0,0.0,0.15,0.1,1,0.0,0.1,0.1,0.05,1,group,0.05,0.0,0.0,neutral
6SBA_B,B-GLN23ALA,B:Q23A,B,GLN,Q,23,,ALA,6SBA,B,100,B-Q23A,0.05,,0.15,0.1,0.0,0.0,0.15,0.1,1,0.0,0.1,0.1,0.05,1,naive,0.05,0.0,0.0,neutral
6SBA_B,B-GLN23ARG,B:Q23R,B,GLN,Q,23,,ARG,6SBA,B,10,B-Q23R,-1.32,,-0.49,0.11,0.0,0.0,-0.49,0.11,1,0.0,-0.09,-0.09,-1.32,1,group,-0.4,0.92,0.92,charged
6SBA_B,B-GLN23ARG,B:Q23R,B,GLN,Q,23,,ARG,6SBA,B,10,B-Q23R,-1.32,,-0.49,0.11,0.0,0.0,-0.49,0.11,1,0.0,-0.09,-0.09,-1.32,1,naive,-0.4,0.92,0.92,charged
6SBA_B,B-GLN23ARG,B:Q23R,B,GLN,Q,23,,ARG,6SBA,B,100,B-Q23R,-1.32,,-0.27,0.1,0.0,0.0,-0.27,0.1,1,0.0,0.1,0.1,-1.32,1,group,-0.37,0.95,0.95,charged
6SBA_B,B-GLN23ARG,B:Q23R,B,GLN,Q,23,,ARG,6SBA,B,100,B-Q23R,-1.32,,-0.27,0.1,0.0,0.0,-0.27,0.1,1,0.0,0.1,0.1,-1.32,1,naive,-0.37,0.95,0.95,charged
6SBA_B,B-ILE24ALA,B:I24A,B,ILE,I,24,,ALA,6SBA,B,10,B-I24A,0.77,,0.71,0.1,0.0,0.0,0.71,0.1,1,0.0,-0.09,-0.09,0.77,1,group,0.8,0.03,0.03,neutral
6SBA_B,B-ILE24ALA,B:I24A,B,ILE,I,24,,ALA,6SBA,B,10,B-I24A,0.77,,0.71,0.1,0.0,0.0,0.71,0.1,1,0.0,-0.09,-0.09,0.77,1,naive,0.8,0.03,0.03,neutral
6SBA_B,B-ILE24ALA,B:I24A,B,ILE,I,24,,ALA,6SBA,B,100,B-I24A,0.77,,0.61,0.1,0.0,0.0,0.61,0.1,1,0.0,0.1,0.1,0.77,1,group,0.51,-0.26,0.26,neutral
6SBA_B,B-ILE24ALA,B:I24A,B,ILE,I,24,,ALA,6SBA,B,100,B-I24A,0.77,,0.61,0.1,0.0,0.0,0.61,0.1,1,0.0,0.1,0.1,0.77,1,naive,0.51,-0.26,0.26,neutral
6SBA_B,B-SER8ALA,B:S8A,B,SER,S,8,,ALA,6SBA,B,10,B-S8A,0.48,,0.07,0.1,0.0,0.0,0.07,0.1,1,0.0,-0.09,-0.09,0.48,1,group,0.16,-0.32,0.32,neutral
6SBA_B,B-SER8ALA,B:S8A,B,SER,S,8,,ALA,6SBA,B,10,B-S8A,0.48,,0.07,0.1,0.0,0.0,0.07,0.1,1,0.0,-0.09,-0.09,0.48,1,naive,0.16,-0.32,0.32,neutral
6SBA_B,B-SER8ALA,B:S8A,B,SER,S,8,,ALA,6SBA,B,100,B-S8A,0.48,,0.24,0.1,0.0,0.0,0.24,0.1,1,0.0,0.1,0.1,0.48,1,group,0.14,-0.34,0.34,neutral
6SBA_B,B-SER8ALA,B:S8A,B,SER,S,8,,ALA,6SBA,B,100,B-S8A,0.48,,0.24,0.1,0.0,0.0,0.24,0.1,1,0.0,0.1,0.1,0.48,1,naive,0.14,-0.34,0.34,neutral
6SBA_B,B-VAL9ALA,B:V9A,B,VAL,V,9,,ALA,6SBA,B,10,B-V9A,0.13,,1.1,0.1,0.0,0.0,1.1,0.1,1,0.0,-0.09,-0.09,0.13,1,group,1.19,1.06,1.06,neutral
6SBA_B,B-VAL9ALA,B:V9A,B,VAL,V,9,,ALA,6SBA,B,10,B-V9A,0.13,,1.1,0.1,0.0,0.0,1.1,0.1,1,0.0,-0.09,-0.09,0.13,1,naive,1.19,1.06,1.06,neutral
6SBA_B,B-VAL9ALA,B:V9A,B,VAL,V,9,,ALA,6SBA,B,100,B-V9A,0.13,,1.32,0.1,0.0,0.0,1.32,0.1,1,0.0,0.1,0.1,0.13,1,group,1.22,1.09,1.09,neutral
6SBA_B,B-VAL9ALA,B:V9A,B,VAL,V,9,,ALA,6SBA,B,100,B-V9A,0.13,,1.32,0.1,0.0,0.0,1.32,0.1,1,0.0,0.1,0.1,0.13,1,naive,1.22,1.09,1.09,neutral
6SBA_B,B-VAL9PHE,B:V9F,B,VAL,V,9,,PHE,6SBA,B,10,B-V9F,1.58,,1.65,0.1,0.0,0.0,1.65,0.1,1,0.0,-0.09,-0.09,1.58,1,group,1.74,0.16,0.16,neutral
6SBA_B,B-VAL9PHE,B:V9F,B,VAL,V,9,,PHE,6SBA,B,10,B-V9F,1.58,,1.65,0.1,0.0,0.0,1.65,0.1,1,0.0,-0.09,-0.09,1.58,1,naive,1.74,0.16,0.16,neutral
6SBA_B,B-VAL9PHE,B:V9F,B,VAL,V,9,,PHE,6SBA,B,100,B-V9F,1.58,,0.88,0.1,0.0,0.0,0.88,0.1,1,0.0,0.1,0.1,1.58,1,group,0.78,-0.8,0.8,neutral
6SBA_B,B-VAL9PHE,B:V9F,B,VAL,V,9,,PHE,6SBA,B,100,B-V9F,1.58,,0.88,0.1,0.0,0.0,0.88,0.1,1,0.0,0.1,0.1,1.58,1,naive,0.78,-0.8,0.8,neutral
6SBA_B,B-VAL9TRP,B:V9W,B,VAL,V,9,,TRP,6SBA,B,10,B-V9W,1.07,,0.92,0.1,0.0,0.0,0.92,0.1,1,0.0,-0.09,-0.09,1.07,1,group,1.01,-0.06,0.06,neutral
6SBA_B,B-VAL9TRP,B:V9W,B,VAL,V,9,,TRP,6SBA,B,10,B-V9W,1.07,,0.92,0.1,0.0,0.0,0.92,0.1,1,0.0,-0.09,-0.09,1.07,1,naive,1.01,-0.06,0.06,neutral
6SBA_B,B-VAL9TRP,B:V9W,B,VAL,V,9,,TRP,6SBA,B,100,B-V9W,1.07,,0.28,0.11,0.0,0.0,0.28,0.11,1,0.0,0.1,0.1,1.07,1,group,0.18,-0.89,0.89,neutral
6SBA_B,B-VAL9TRP,B:V9W,B,VAL,V,9,,TRP,6SBA,B,100,B-V9W,1.07,,0.28,0.11,0.0,0.0,0.28,0.11,1,0.0,0.1,0.1,1.07,1,naive,0.18,-0.89,0.89,neutral
6SBA_B,B-VAL9TYR,B:V9Y,B,VAL,V,9,,TYR,6SBA,B,10,B-V9Y,1.2,,2.44,0.1,0.0,0.0,2.44,0.1,1,0.0,-0.09,-0.09,1.2,1,group,2.53,1.33,1.33,neutral
6SBA_B,B-VAL9TYR,B:V9Y,B,VAL,V,9,,TYR,6SBA,B,10,B-V9Y,1.2,,2.44,0.1,0.0,0.0,2.44,0.1,1,0.0,-0.09,-0.09,1.2,1,naive,2.53,1.33,1.33,neutral
6SBA_B,B-VAL9TYR,B:V9Y,B,VAL,V,9,,TYR,6SBA,B,100,B-V9Y,1.2,,1.83,0.11,0.0,0.0,1.83,0.11,1,0.0,0.1,0.1,1.2,1,group,1.73,0.53,0.53,neutral
6SBA_B,B-VAL9TYR,B:V9Y,B,VAL,V,9,,TYR,6SBA,B,100,B-V9Y,1.2,,1.83,0.11,0.0,0.0,1.83,0.11,1,0.0,0.1,0.1,1.2,1,naive,1.73,0.53,0.53,neutral
